,track_uri,artist_uri,genres
0,3khntzHFE5TrhT7OKrFlPh,0rasA5Z5h1ITtHelCpfu9R,electronica
0,3khntzHFE5TrhT7OKrFlPh,0rasA5Z5h1ITtHelCpfu9R,german techno
0,3khntzHFE5TrhT7OKrFlPh,0rasA5Z5h1ITtHelCpfu9R,leipzig electronic
0,3khntzHFE5TrhT7OKrFlPh,0rasA5Z5h1ITtHelCpfu9R,minimal techno
0,3khntzHFE5TrhT7OKrFlPh,0rasA5Z5h1ITtHelCpfu9R,tech house
1,3AtYBAALKWcqxZs0KEKt4r,4AK6F7OLvEQ5QYCBNiQWHq,boy band
1,3AtYBAALKWcqxZs0KEKt4r,4AK6F7OLvEQ5QYCBNiQWHq,pop
1,3AtYBAALKWcqxZs0KEKt4r,4AK6F7OLvEQ5QYCBNiQWHq,post-teen pop
1,3AtYBAALKWcqxZs0KEKt4r,4AK6F7OLvEQ5QYCBNiQWHq,talent show
2,24kXwnMOucjqg4GAssQLks,3BroLrMp9Q01yOnhLn9qxX,polish alternative rap
2,24kXwnMOucjqg4GAssQLks,3BroLrMp9Q01yOnhLn9qxX,polish hip hop
2,24kXwnMOucjqg4GAssQLks,3BroLrMp9Q01yOnhLn9qxX,polish pop
3,2q8RkxBduttply1L2qF0rJ,5vUOpaF96QTRjj0o1ycWtz,
4,57PlSDssRq1nXDqxNnfp7R,0SfsnGyD8FpIN4U4WCkBZ5,dutch trance
4,57PlSDssRq1nXDqxNnfp7R,0SfsnGyD8FpIN4U4WCkBZ5,edm
4,57PlSDssRq1nXDqxNnfp7R,0SfsnGyD8FpIN4U4WCkBZ5,pop dance
4,57PlSDssRq1nXDqxNnfp7R,0SfsnGyD8FpIN4U4WCkBZ5,progressive house
4,57PlSDssRq1nXDqxNnfp7R,0SfsnGyD8FpIN4U4WCkBZ5,trance
5,6fafespfwzeaySxK9lJCYf,4k1ELeJKT1ISyDv8JivPpB,big beat
5,6fafespfwzeaySxK9lJCYf,4k1ELeJKT1ISyDv8JivPpB,breakbeat
5,6fafespfwzeaySxK9lJCYf,4k1ELeJKT1ISyDv8JivPpB,dance rock
5,6fafespfwzeaySxK9lJCYf,4k1ELeJKT1ISyDv8JivPpB,hardcore techno
5,6fafespfwzeaySxK9lJCYf,4k1ELeJKT1ISyDv8JivPpB,rave
6,2kdZZx0qnTcQJ7LszfZxFY,1mU61l2mcjEFraXZLpvVMo,pop edm
7,5dyQPiTnzyGfn1kSrjRrFG,3BroLrMp9Q01yOnhLn9qxX,polish alternative rap
7,5dyQPiTnzyGfn1kSrjRrFG,3BroLrMp9Q01yOnhLn9qxX,polish hip hop
7,5dyQPiTnzyGfn1kSrjRrFG,3BroLrMp9Q01yOnhLn9qxX,polish pop
8,6oqE5HZTxDv6HjdrtA21g3,3BroLrMp9Q01yOnhLn9qxX,polish alternative rap
8,6oqE5HZTxDv6HjdrtA21g3,3BroLrMp9Q01yOnhLn9qxX,polish hip hop
8,6oqE5HZTxDv6HjdrtA21g3,3BroLrMp9Q01yOnhLn9qxX,polish pop
9,4qqAZNu0OMXYMm2wfTpEjM,7dc6hUwyuIhrZdh80eaCEE,dance pop
9,4qqAZNu0OMXYMm2wfTpEjM,7dc6hUwyuIhrZdh80eaCEE,disco house
9,4qqAZNu0OMXYMm2wfTpEjM,7dc6hUwyuIhrZdh80eaCEE,dutch house
9,4qqAZNu0OMXYMm2wfTpEjM,7dc6hUwyuIhrZdh80eaCEE,edm
9,4qqAZNu0OMXYMm2wfTpEjM,7dc6hUwyuIhrZdh80eaCEE,electro house
9,4qqAZNu0OMXYMm2wfTpEjM,7dc6hUwyuIhrZdh80eaCEE,house
9,4qqAZNu0OMXYMm2wfTpEjM,7dc6hUwyuIhrZdh80eaCEE,pop dance
9,4qqAZNu0OMXYMm2wfTpEjM,7dc6hUwyuIhrZdh80eaCEE,progressive electro house
9,4qqAZNu0OMXYMm2wfTpEjM,7dc6hUwyuIhrZdh80eaCEE,progressive house
9,4qqAZNu0OMXYMm2wfTpEjM,7dc6hUwyuIhrZdh80eaCEE,tropical house
10,3YWH7tAM6zcoWRcnEhPQh5,1IkBueQ4oNST1KRDRo2DpZ,
11,4806eVYbm7qkWBT02VvJBr,5fMUXHkw8R8eOP2RNVYEZX,bmore
11,4806eVYbm7qkWBT02VvJBr,5fMUXHkw8R8eOP2RNVYEZX,dance pop
11,4806eVYbm7qkWBT02VvJBr,5fMUXHkw8R8eOP2RNVYEZX,edm
11,4806eVYbm7qkWBT02VvJBr,5fMUXHkw8R8eOP2RNVYEZX,electro house
11,4806eVYbm7qkWBT02VvJBr,5fMUXHkw8R8eOP2RNVYEZX,house
11,4806eVYbm7qkWBT02VvJBr,5fMUXHkw8R8eOP2RNVYEZX,moombahton
11,4806eVYbm7qkWBT02VvJBr,5fMUXHkw8R8eOP2RNVYEZX,ninja
11,4806eVYbm7qkWBT02VvJBr,5fMUXHkw8R8eOP2RNVYEZX,pop
11,4806eVYbm7qkWBT02VvJBr,5fMUXHkw8R8eOP2RNVYEZX,pop dance
11,4806eVYbm7qkWBT02VvJBr,5fMUXHkw8R8eOP2RNVYEZX,tropical house
12,3HlXvjGcDVRdrDAKzu9aRi,6NXk2pLFocS2OkNdT7ncBt,canadian pop
13,0BpqRe4V2t3EIln48L1ZEQ,7CJgLPEqiIRuneZSolpawQ,polish hip hop
13,0BpqRe4V2t3EIln48L1ZEQ,7CJgLPEqiIRuneZSolpawQ,polish trap
14,64F1Z2LAsf04V346A75hi1,5xoXMR6Y8PORwObvyND9ZE,polish pop
15,0jigRoZXuYj8kfcZFsinKm,3BroLrMp9Q01yOnhLn9qxX,polish alternative rap
15,0jigRoZXuYj8kfcZFsinKm,3BroLrMp9Q01yOnhLn9qxX,polish hip hop
15,0jigRoZXuYj8kfcZFsinKm,3BroLrMp9Q01yOnhLn9qxX,polish pop
16,3dzAiCtu7VaJKvAojuUtdw,2vUbOx0zj57h8lbQK4dYaM,
17,2zYiOrVyeScMjtqzyqWfPM,7CJgLPEqiIRuneZSolpawQ,polish hip hop
17,2zYiOrVyeScMjtqzyqWfPM,7CJgLPEqiIRuneZSolpawQ,polish trap
18,4A9FCoFyjxQ9n46UUagPb3,3BroLrMp9Q01yOnhLn9qxX,polish alternative rap
18,4A9FCoFyjxQ9n46UUagPb3,3BroLrMp9Q01yOnhLn9qxX,polish hip hop
18,4A9FCoFyjxQ9n46UUagPb3,3BroLrMp9Q01yOnhLn9qxX,polish pop
19,6XflO5XmVEqfrSAiBkG0cC,3BroLrMp9Q01yOnhLn9qxX,polish alternative rap
19,6XflO5XmVEqfrSAiBkG0cC,3BroLrMp9Q01yOnhLn9qxX,polish hip hop
19,6XflO5XmVEqfrSAiBkG0cC,3BroLrMp9Q01yOnhLn9qxX,polish pop
20,26LQOteHytZUQkRrQTsWYE,0rasA5Z5h1ITtHelCpfu9R,electronica
20,26LQOteHytZUQkRrQTsWYE,0rasA5Z5h1ITtHelCpfu9R,german techno
20,26LQOteHytZUQkRrQTsWYE,0rasA5Z5h1ITtHelCpfu9R,leipzig electronic
20,26LQOteHytZUQkRrQTsWYE,0rasA5Z5h1ITtHelCpfu9R,minimal techno
20,26LQOteHytZUQkRrQTsWYE,0rasA5Z5h1ITtHelCpfu9R,tech house
21,2qAv6N12wRj8RFv3VW0WgQ,0rasA5Z5h1ITtHelCpfu9R,electronica
21,2qAv6N12wRj8RFv3VW0WgQ,0rasA5Z5h1ITtHelCpfu9R,german techno
21,2qAv6N12wRj8RFv3VW0WgQ,0rasA5Z5h1ITtHelCpfu9R,leipzig electronic
21,2qAv6N12wRj8RFv3VW0WgQ,0rasA5Z5h1ITtHelCpfu9R,minimal techno
21,2qAv6N12wRj8RFv3VW0WgQ,0rasA5Z5h1ITtHelCpfu9R,tech house
22,0Sc1K9MHIgDj69vEboQdYA,3BroLrMp9Q01yOnhLn9qxX,polish alternative rap
22,0Sc1K9MHIgDj69vEboQdYA,3BroLrMp9Q01yOnhLn9qxX,polish hip hop
22,0Sc1K9MHIgDj69vEboQdYA,3BroLrMp9Q01yOnhLn9qxX,polish pop
23,4l3yTlSYSBZFQLglKaeyDv,1Xylc3o4UrD53lo9CvFvVg,dance pop
23,4l3yTlSYSBZFQLglKaeyDv,1Xylc3o4UrD53lo9CvFvVg,edm
23,4l3yTlSYSBZFQLglKaeyDv,1Xylc3o4UrD53lo9CvFvVg,electropop
23,4l3yTlSYSBZFQLglKaeyDv,1Xylc3o4UrD53lo9CvFvVg,pop
23,4l3yTlSYSBZFQLglKaeyDv,1Xylc3o4UrD53lo9CvFvVg,pop dance
23,4l3yTlSYSBZFQLglKaeyDv,1Xylc3o4UrD53lo9CvFvVg,post-teen pop
23,4l3yTlSYSBZFQLglKaeyDv,1Xylc3o4UrD53lo9CvFvVg,scandipop
23,4l3yTlSYSBZFQLglKaeyDv,1Xylc3o4UrD53lo9CvFvVg,swedish electropop
23,4l3yTlSYSBZFQLglKaeyDv,1Xylc3o4UrD53lo9CvFvVg,swedish pop
23,4l3yTlSYSBZFQLglKaeyDv,1Xylc3o4UrD53lo9CvFvVg,tropical house
24,0HrsjBDJhO7xuuppEjv2FV,0rasA5Z5h1ITtHelCpfu9R,electronica
24,0HrsjBDJhO7xuuppEjv2FV,0rasA5Z5h1ITtHelCpfu9R,german techno
24,0HrsjBDJhO7xuuppEjv2FV,0rasA5Z5h1ITtHelCpfu9R,leipzig electronic
24,0HrsjBDJhO7xuuppEjv2FV,0rasA5Z5h1ITtHelCpfu9R,minimal techno
24,0HrsjBDJhO7xuuppEjv2FV,0rasA5Z5h1ITtHelCpfu9R,tech house
25,6ZogVK1P3r0v4SOLHho9JT,6yTYR09WCvsgdnurDW4WQo,dance pop
25,6ZogVK1P3r0v4SOLHho9JT,6yTYR09WCvsgdnurDW4WQo,pop dance
25,6ZogVK1P3r0v4SOLHho9JT,6yTYR09WCvsgdnurDW4WQo,pop rap
26,7L9CIIx5wzu4M2d54rY3Ee,52oUDzWKFjDiJoTBDGiET4,deep groove house
27,648pkipmFFGclYXCVQvahv,5spFDEIIv5V1yEHxIBStKH,dark clubbing
27,648pkipmFFGclYXCVQvahv,5spFDEIIv5V1yEHxIBStKH,polish electronica
27,648pkipmFFGclYXCVQvahv,5spFDEIIv5V1yEHxIBStKH,polish experimental electronic
28,0S1zJlL7LsOuHrsIjqEarl,0GPJYkHJm0Fpbhjovpm1h1,polish synthpop
29,0kU5CiEAZEpYGfU3h4KGcE,3BroLrMp9Q01yOnhLn9qxX,polish alternative rap
29,0kU5CiEAZEpYGfU3h4KGcE,3BroLrMp9Q01yOnhLn9qxX,polish hip hop
29,0kU5CiEAZEpYGfU3h4KGcE,3BroLrMp9Q01yOnhLn9qxX,polish pop
30,0bdeLFRIziXGqXdz5UJDb0,7CJgLPEqiIRuneZSolpawQ,polish hip hop
30,0bdeLFRIziXGqXdz5UJDb0,7CJgLPEqiIRuneZSolpawQ,polish trap
31,68UBEoNeK9h9DDRCS0vqBf,5ChF3i92IPZHduM7jN3dpg,big room
31,68UBEoNeK9h9DDRCS0vqBf,5ChF3i92IPZHduM7jN3dpg,dance pop
31,68UBEoNeK9h9DDRCS0vqBf,5ChF3i92IPZHduM7jN3dpg,dutch edm
31,68UBEoNeK9h9DDRCS0vqBf,5ChF3i92IPZHduM7jN3dpg,edm
31,68UBEoNeK9h9DDRCS0vqBf,5ChF3i92IPZHduM7jN3dpg,electro house
31,68UBEoNeK9h9DDRCS0vqBf,5ChF3i92IPZHduM7jN3dpg,pop dance
31,68UBEoNeK9h9DDRCS0vqBf,5ChF3i92IPZHduM7jN3dpg,pop edm
31,68UBEoNeK9h9DDRCS0vqBf,5ChF3i92IPZHduM7jN3dpg,progressive electro house
31,68UBEoNeK9h9DDRCS0vqBf,5ChF3i92IPZHduM7jN3dpg,progressive house
31,68UBEoNeK9h9DDRCS0vqBf,5ChF3i92IPZHduM7jN3dpg,tropical house
32,52AIFe5X4Ac6kWMy0qRxEs,2oX42qP5ineK3hrhBECLmj,dance pop
32,52AIFe5X4Ac6kWMy0qRxEs,2oX42qP5ineK3hrhBECLmj,modern rock
32,52AIFe5X4Ac6kWMy0qRxEs,2oX42qP5ineK3hrhBECLmj,neo mellow
32,52AIFe5X4Ac6kWMy0qRxEs,2oX42qP5ineK3hrhBECLmj,pop
32,52AIFe5X4Ac6kWMy0qRxEs,2oX42qP5ineK3hrhBECLmj,pop rap
32,52AIFe5X4Ac6kWMy0qRxEs,2oX42qP5ineK3hrhBECLmj,pop rock
32,52AIFe5X4Ac6kWMy0qRxEs,2oX42qP5ineK3hrhBECLmj,post-teen pop
33,1PZaxgYfkWPIvkcYrYl8gE,6OS2jyNVjuVsvA63jsw3Rf,norwegian pop
34,3pe05XBTPu2wpWwkVPzuUX,6EB8VE9f7Ut6NOgviN6gDW,polish alternative
34,3pe05XBTPu2wpWwkVPzuUX,6EB8VE9f7Ut6NOgviN6gDW,polish pop
34,3pe05XBTPu2wpWwkVPzuUX,6EB8VE9f7Ut6NOgviN6gDW,talent show
35,0Jb5dS1yA86aEoW9An0RyW,6EB8VE9f7Ut6NOgviN6gDW,polish alternative
35,0Jb5dS1yA86aEoW9An0RyW,6EB8VE9f7Ut6NOgviN6gDW,polish pop
35,0Jb5dS1yA86aEoW9An0RyW,6EB8VE9f7Ut6NOgviN6gDW,talent show
36,3jmLLJDF3eWhcmgQYKRoHw,7jy3rLJdDQY21OgRLCZ9sD,alternative metal
36,3jmLLJDF3eWhcmgQYKRoHw,7jy3rLJdDQY21OgRLCZ9sD,alternative rock
36,3jmLLJDF3eWhcmgQYKRoHw,7jy3rLJdDQY21OgRLCZ9sD,modern rock
36,3jmLLJDF3eWhcmgQYKRoHw,7jy3rLJdDQY21OgRLCZ9sD,permanent wave
36,3jmLLJDF3eWhcmgQYKRoHw,7jy3rLJdDQY21OgRLCZ9sD,post-grunge
36,3jmLLJDF3eWhcmgQYKRoHw,7jy3rLJdDQY21OgRLCZ9sD,rock
37,5mHyQVcu8eOWuYAUQ8KV14,6vNe5MINTo5QZyR08sBOBA,german dance
38,5ViXszMzWLkBAAPVHZEjGv,4FqPRilb0Ja0TKG3RS3y4s,disco house
38,5ViXszMzWLkBAAPVHZEjGv,4FqPRilb0Ja0TKG3RS3y4s,edm
38,5ViXszMzWLkBAAPVHZEjGv,4FqPRilb0Ja0TKG3RS3y4s,electro house
38,5ViXszMzWLkBAAPVHZEjGv,4FqPRilb0Ja0TKG3RS3y4s,house
38,5ViXszMzWLkBAAPVHZEjGv,4FqPRilb0Ja0TKG3RS3y4s,pop dance
38,5ViXszMzWLkBAAPVHZEjGv,4FqPRilb0Ja0TKG3RS3y4s,progressive electro house
38,5ViXszMzWLkBAAPVHZEjGv,4FqPRilb0Ja0TKG3RS3y4s,progressive house
39,2KMc0VMnE5ikCQChB1AdgW,05lF0DUkLJqiW5o70SScyR,drum and bass
39,2KMc0VMnE5ikCQChB1AdgW,05lF0DUkLJqiW5o70SScyR,liquid funk
40,3gETCNX5gKg1DTBGehMqU7,2RdwBSPQiwcmiDo9kixcl8,pop rap
41,77ibbX4U3nJP1clz3Vc632,7CJgLPEqiIRuneZSolpawQ,polish hip hop
41,77ibbX4U3nJP1clz3Vc632,7CJgLPEqiIRuneZSolpawQ,polish trap
42,3j3NuvuqbjKbZMeQGTLxSC,3BroLrMp9Q01yOnhLn9qxX,polish alternative rap
42,3j3NuvuqbjKbZMeQGTLxSC,3BroLrMp9Q01yOnhLn9qxX,polish hip hop
42,3j3NuvuqbjKbZMeQGTLxSC,3BroLrMp9Q01yOnhLn9qxX,polish pop
43,2a0u6wN15zIfSzgfhbsjd1,7CJgLPEqiIRuneZSolpawQ,polish hip hop
43,2a0u6wN15zIfSzgfhbsjd1,7CJgLPEqiIRuneZSolpawQ,polish trap
44,17Z45x6wGGH3flPFyH402q,3BroLrMp9Q01yOnhLn9qxX,polish alternative rap
44,17Z45x6wGGH3flPFyH402q,3BroLrMp9Q01yOnhLn9qxX,polish hip hop
44,17Z45x6wGGH3flPFyH402q,3BroLrMp9Q01yOnhLn9qxX,polish pop
45,7gipLfp7u2a0KOwAKTyrtq,7CJgLPEqiIRuneZSolpawQ,polish hip hop
45,7gipLfp7u2a0KOwAKTyrtq,7CJgLPEqiIRuneZSolpawQ,polish trap
46,709azRlOn5ep94PZXE2ibw,2QoSPr8Jx3mLTCqgfpAwKb,danish pop
46,709azRlOn5ep94PZXE2ibw,2QoSPr8Jx3mLTCqgfpAwKb,danish singer-songwriter
47,6L1VjQdgKdu6IU6RmxtfTh,0rasA5Z5h1ITtHelCpfu9R,electronica
47,6L1VjQdgKdu6IU6RmxtfTh,0rasA5Z5h1ITtHelCpfu9R,german techno
47,6L1VjQdgKdu6IU6RmxtfTh,0rasA5Z5h1ITtHelCpfu9R,leipzig electronic
47,6L1VjQdgKdu6IU6RmxtfTh,0rasA5Z5h1ITtHelCpfu9R,minimal techno
47,6L1VjQdgKdu6IU6RmxtfTh,0rasA5Z5h1ITtHelCpfu9R,tech house
48,6lWuJS86p0q5JAKekgETcN,0rasA5Z5h1ITtHelCpfu9R,electronica
48,6lWuJS86p0q5JAKekgETcN,0rasA5Z5h1ITtHelCpfu9R,german techno
48,6lWuJS86p0q5JAKekgETcN,0rasA5Z5h1ITtHelCpfu9R,leipzig electronic
48,6lWuJS86p0q5JAKekgETcN,0rasA5Z5h1ITtHelCpfu9R,minimal techno
48,6lWuJS86p0q5JAKekgETcN,0rasA5Z5h1ITtHelCpfu9R,tech house
49,0qLsHw6J2xCrThfJUKSNAV,3BroLrMp9Q01yOnhLn9qxX,polish alternative rap
49,0qLsHw6J2xCrThfJUKSNAV,3BroLrMp9Q01yOnhLn9qxX,polish hip hop
49,0qLsHw6J2xCrThfJUKSNAV,3BroLrMp9Q01yOnhLn9qxX,polish pop
50,2CgK3HST25ZO0EP2yGvzCW,7CajNmpbOovFoOoasH2HaY,dance pop
50,2CgK3HST25ZO0EP2yGvzCW,7CajNmpbOovFoOoasH2HaY,edm
50,2CgK3HST25ZO0EP2yGvzCW,7CajNmpbOovFoOoasH2HaY,electro house
50,2CgK3HST25ZO0EP2yGvzCW,7CajNmpbOovFoOoasH2HaY,house
50,2CgK3HST25ZO0EP2yGvzCW,7CajNmpbOovFoOoasH2HaY,pop
50,2CgK3HST25ZO0EP2yGvzCW,7CajNmpbOovFoOoasH2HaY,pop rap
50,2CgK3HST25ZO0EP2yGvzCW,7CajNmpbOovFoOoasH2HaY,progressive house
50,2CgK3HST25ZO0EP2yGvzCW,7CajNmpbOovFoOoasH2HaY,uk dance
51,4XNONDxjF0ZVo9GpTDogTs,0MaSZtK5rLCLPbMNdWQIL9,polish alternative rap
51,4XNONDxjF0ZVo9GpTDogTs,0MaSZtK5rLCLPbMNdWQIL9,polish hip hop
52,5ls2FNQUmqTqMha40mObK1,6PE9YfygcKpsaMOqiBx6JG,polish alternative
52,5ls2FNQUmqTqMha40mObK1,6PE9YfygcKpsaMOqiBx6JG,polish alternative rock
52,5ls2FNQUmqTqMha40mObK1,6PE9YfygcKpsaMOqiBx6JG,polish pop
53,58irqlvWofzSBKsvE3HSvF,3BroLrMp9Q01yOnhLn9qxX,polish alternative rap
53,58irqlvWofzSBKsvE3HSvF,3BroLrMp9Q01yOnhLn9qxX,polish hip hop
53,58irqlvWofzSBKsvE3HSvF,3BroLrMp9Q01yOnhLn9qxX,polish pop
54,7c9Evh1HBBrPwFEdlSsMtQ,6MKNzi38fPQCFRdWOtHqTJ,europop
54,7c9Evh1HBBrPwFEdlSsMtQ,6MKNzi38fPQCFRdWOtHqTJ,swedish pop
55,1AU7nfy6iBbNt7rrgSglOZ,7CJgLPEqiIRuneZSolpawQ,polish hip hop
55,1AU7nfy6iBbNt7rrgSglOZ,7CJgLPEqiIRuneZSolpawQ,polish trap
56,5oHUo5euGbzVguVUAiG4Bw,0rasA5Z5h1ITtHelCpfu9R,electronica
56,5oHUo5euGbzVguVUAiG4Bw,0rasA5Z5h1ITtHelCpfu9R,german techno
56,5oHUo5euGbzVguVUAiG4Bw,0rasA5Z5h1ITtHelCpfu9R,leipzig electronic
56,5oHUo5euGbzVguVUAiG4Bw,0rasA5Z5h1ITtHelCpfu9R,minimal techno
56,5oHUo5euGbzVguVUAiG4Bw,0rasA5Z5h1ITtHelCpfu9R,tech house
57,76tWofRR1f72QuUNnRTSXB,3BroLrMp9Q01yOnhLn9qxX,polish alternative rap
57,76tWofRR1f72QuUNnRTSXB,3BroLrMp9Q01yOnhLn9qxX,polish hip hop
57,76tWofRR1f72QuUNnRTSXB,3BroLrMp9Q01yOnhLn9qxX,polish pop
58,1epOBdwIzirBkybHN4mtJb,6jU2Tt13MmXYk0ZBv1KmfO,disco
58,1epOBdwIzirBkybHN4mtJb,6jU2Tt13MmXYk0ZBv1KmfO,italian disco
59,1DIPRWGPMvw7Src6zAUkdQ,1udruffum7CorOphFUMB9A,danish electronic
59,1DIPRWGPMvw7Src6zAUkdQ,1udruffum7CorOphFUMB9A,danish hip hop
59,1DIPRWGPMvw7Src6zAUkdQ,1udruffum7CorOphFUMB9A,danish pop
60,35RtOKP9m6dvswBb9YWonP,5TgQ66WuWkoQ2xYxaSTnVP,belgian edm
60,35RtOKP9m6dvswBb9YWonP,5TgQ66WuWkoQ2xYxaSTnVP,dancefloor dnb
60,35RtOKP9m6dvswBb9YWonP,5TgQ66WuWkoQ2xYxaSTnVP,drum and bass
61,5LMMmmB8PpzzoitIIpWCEH,3e7awlrlDSwF3iM0WBjGMp,dance pop
61,5LMMmmB8PpzzoitIIpWCEH,3e7awlrlDSwF3iM0WBjGMp,girl group
61,5LMMmmB8PpzzoitIIpWCEH,3e7awlrlDSwF3iM0WBjGMp,pop
61,5LMMmmB8PpzzoitIIpWCEH,3e7awlrlDSwF3iM0WBjGMp,post-teen pop
61,5LMMmmB8PpzzoitIIpWCEH,3e7awlrlDSwF3iM0WBjGMp,talent show
61,5LMMmmB8PpzzoitIIpWCEH,3e7awlrlDSwF3iM0WBjGMp,uk pop
62,5mv7w7lsmOAWhSMYPz7vSN,7CJgLPEqiIRuneZSolpawQ,polish hip hop
62,5mv7w7lsmOAWhSMYPz7vSN,7CJgLPEqiIRuneZSolpawQ,polish trap
63,3HapsrNmCcEo201ukHqKgw,0rasA5Z5h1ITtHelCpfu9R,electronica
63,3HapsrNmCcEo201ukHqKgw,0rasA5Z5h1ITtHelCpfu9R,german techno
63,3HapsrNmCcEo201ukHqKgw,0rasA5Z5h1ITtHelCpfu9R,leipzig electronic
63,3HapsrNmCcEo201ukHqKgw,0rasA5Z5h1ITtHelCpfu9R,minimal techno
63,3HapsrNmCcEo201ukHqKgw,0rasA5Z5h1ITtHelCpfu9R,tech house
64,4Cnox72W4z4zRIiYNb5Cbt,0rasA5Z5h1ITtHelCpfu9R,electronica
64,4Cnox72W4z4zRIiYNb5Cbt,0rasA5Z5h1ITtHelCpfu9R,german techno
64,4Cnox72W4z4zRIiYNb5Cbt,0rasA5Z5h1ITtHelCpfu9R,leipzig electronic
64,4Cnox72W4z4zRIiYNb5Cbt,0rasA5Z5h1ITtHelCpfu9R,minimal techno
64,4Cnox72W4z4zRIiYNb5Cbt,0rasA5Z5h1ITtHelCpfu9R,tech house
65,7xwxw7GRdncmJLw82T2Ege,0rasA5Z5h1ITtHelCpfu9R,electronica
65,7xwxw7GRdncmJLw82T2Ege,0rasA5Z5h1ITtHelCpfu9R,german techno
65,7xwxw7GRdncmJLw82T2Ege,0rasA5Z5h1ITtHelCpfu9R,leipzig electronic
65,7xwxw7GRdncmJLw82T2Ege,0rasA5Z5h1ITtHelCpfu9R,minimal techno
65,7xwxw7GRdncmJLw82T2Ege,0rasA5Z5h1ITtHelCpfu9R,tech house
66,0G7EOUEIh1cox6mPZktdMH,7CJgLPEqiIRuneZSolpawQ,polish hip hop
66,0G7EOUEIh1cox6mPZktdMH,7CJgLPEqiIRuneZSolpawQ,polish trap
67,1kB9EkQUDekIDxT8vlYPhC,1HqzRBpJ7pTiUleWrZ5euB,
68,1aOUrJ1amviGzHnMO7VDH7,5T4UKHhr4HGIC0VzdZQtAE,big beat
68,1aOUrJ1amviGzHnMO7VDH7,5T4UKHhr4HGIC0VzdZQtAE,downtempo
68,1aOUrJ1amviGzHnMO7VDH7,5T4UKHhr4HGIC0VzdZQtAE,electronica
68,1aOUrJ1amviGzHnMO7VDH7,5T4UKHhr4HGIC0VzdZQtAE,trip hop
69,2Z07zp7rbrWfIRbYeaQnWL,7CJgLPEqiIRuneZSolpawQ,polish hip hop
69,2Z07zp7rbrWfIRbYeaQnWL,7CJgLPEqiIRuneZSolpawQ,polish trap
70,4DlLorKEq4cDC5QpO7vNhD,0rasA5Z5h1ITtHelCpfu9R,electronica
70,4DlLorKEq4cDC5QpO7vNhD,0rasA5Z5h1ITtHelCpfu9R,german techno
70,4DlLorKEq4cDC5QpO7vNhD,0rasA5Z5h1ITtHelCpfu9R,leipzig electronic
70,4DlLorKEq4cDC5QpO7vNhD,0rasA5Z5h1ITtHelCpfu9R,minimal techno
70,4DlLorKEq4cDC5QpO7vNhD,0rasA5Z5h1ITtHelCpfu9R,tech house
71,5ZaR3CHzHjiyDBIT3vkqHp,0rasA5Z5h1ITtHelCpfu9R,electronica
71,5ZaR3CHzHjiyDBIT3vkqHp,0rasA5Z5h1ITtHelCpfu9R,german techno
71,5ZaR3CHzHjiyDBIT3vkqHp,0rasA5Z5h1ITtHelCpfu9R,leipzig electronic
71,5ZaR3CHzHjiyDBIT3vkqHp,0rasA5Z5h1ITtHelCpfu9R,minimal techno
71,5ZaR3CHzHjiyDBIT3vkqHp,0rasA5Z5h1ITtHelCpfu9R,tech house
72,3Mb078Zulyfg0BS2f0AB8i,2qk9voo8llSGYcZ6xrBzKx,modern rock
72,3Mb078Zulyfg0BS2f0AB8i,2qk9voo8llSGYcZ6xrBzKx,rock
73,5AZKP3kJXRr81eXahDAOZC,0TnOYISbd1XYRBk9myaseg,dance pop
73,5AZKP3kJXRr81eXahDAOZC,0TnOYISbd1XYRBk9myaseg,latin
73,5AZKP3kJXRr81eXahDAOZC,0TnOYISbd1XYRBk9myaseg,miami hip hop
73,5AZKP3kJXRr81eXahDAOZC,0TnOYISbd1XYRBk9myaseg,pop
73,5AZKP3kJXRr81eXahDAOZC,0TnOYISbd1XYRBk9myaseg,pop rap
